{"tiles":[{"tile_x":0,"tile_y":0},{"tile_x":0,"tile_y":50},{"tile_x":0,"tile_y":150},{"tile_x":0,"tile_y":100},{"tile_x":0,"tile_y":250},{"tile_x":0,"tile_y":200},{"tile_x":0,"tile_y":300},{"tile_x":0,"tile_y":350},{"tile_x":0,"tile_y":400},{"tile_x":0,"tile_y":450},{"tile_x":50,"tile_y":0},{"tile_x":100,"tile_y":0},{"tile_x":150,"tile_y":0},{"tile_x":200,"tile_y":0},{"tile_x":250,"tile_y":0},{"tile_x":350,"tile_y":0},{"tile_x":300,"tile_y":0},{"tile_x":400,"tile_y":0},{"tile_x":450,"tile_y":0},{"tile_x":550,"tile_y":0},{"tile_x":500,"tile_y":0},{"tile_x":600,"tile_y":0},{"tile_x":650,"tile_y":0},{"tile_x":700,"tile_y":0},{"tile_x":750,"tile_y":0},{"tile_x":800,"tile_y":0},{"tile_x":850,"tile_y":0},{"tile_x":900,"tile_y":0},{"tile_x":950,"tile_y":0},{"tile_x":1050,"tile_y":0},{"tile_x":1000,"tile_y":0},{"tile_x":1150,"tile_y":0},{"tile_x":1100,"tile_y":0},{"tile_x":1200,"tile_y":0},{"tile_x":1300,"tile_y":0},{"tile_x":1350,"tile_y":0},{"tile_x":1350,"tile_y":50},{"tile_x":1350,"tile_y":150},{"tile_x":1350,"tile_y":250},{"tile_x":1350,"tile_y":200},{"tile_x":1350,"tile_y":350},{"tile_x":1350,"tile_y":300},{"tile_x":1350,"tile_y":400},{"tile_x":1350,"tile_y":500},{"tile_x":1350,"tile_y":550},{"tile_x":1350,"tile_y":600},{"tile_x":1350,"tile_y":650},{"tile_x":1350,"tile_y":700},{"tile_x":1350,"tile_y":800},{"tile_x":1350,"tile_y":850},{"tile_x":0,"tile_y":500},{"tile_x":0,"tile_y":550},{"tile_x":0,"tile_y":600},{"tile_x":0,"tile_y":650},{"tile_x":0,"tile_y":700},{"tile_x":0,"tile_y":750},{"tile_x":0,"tile_y":800},{"tile_x":0,"tile_y":850},{"tile_x":650,"tile_y":450},{"tile_x":700,"tile_y":450},{"tile_x":700,"tile_y":500},{"tile_x":700,"tile_y":400},{"tile_x":50,"tile_y":450},{"tile_x":100,"tile_y":450},{"tile_x":150,"tile_y":450},{"tile_x":200,"tile_y":450},{"tile_x":250,"tile_y":450},{"tile_x":600,"tile_y":450},{"tile_x":550,"tile_y":450},{"tile_x":500,"tile_y":450},{"tile_x":450,"tile_y":450},{"tile_x":400,"tile_y":450},{"tile_x":650,"tile_y":50},{"tile_x":650,"tile_y":100},{"tile_x":650,"tile_y":150},{"tile_x":650,"tile_y":350},{"tile_x":650,"tile_y":300},{"tile_x":700,"tile_y":50},{"tile_x":700,"tile_y":100},{"tile_x":1350,"tile_y":450},{"tile_x":700,"tile_y":150},{"tile_x":700,"tile_y":300},{"tile_x":700,"tile_y":350},{"tile_x":750,"tile_y":450},{"tile_x":800,"tile_y":450},{"tile_x":850,"tile_y":450},{"tile_x":900,"tile_y":450},{"tile_x":950,"tile_y":450},{"tile_x":1000,"tile_y":450},{"tile_x":1050,"tile_y":450},{"tile_x":1300,"tile_y":450},{"tile_x":1100,"tile_y":450},{"tile_x":1250,"tile_y":450},{"tile_x":700,"tile_y":550},{"tile_x":750,"tile_y":500},{"tile_x":800,"tile_y":500},{"tile_x":850,"tile_y":500},{"tile_x":900,"tile_y":500},{"tile_x":950,"tile_y":500},{"tile_x":1050,"tile_y":500},{"tile_x":1000,"tile_y":500},{"tile_x":1100,"tile_y":500},{"tile_x":1300,"tile_y":500},{"tile_x":1250,"tile_y":500},{"tile_x":0,"tile_y":900},{"tile_x":0,"tile_y":950},{"tile_x":50,"tile_y":950},{"tile_x":100,"tile_y":950},{"tile_x":150,"tile_y":950},{"tile_x":250,"tile_y":950},{"tile_x":200,"tile_y":950},{"tile_x":300,"tile_y":950},{"tile_x":350,"tile_y":950},{"tile_x":400,"tile_y":950},{"tile_x":450,"tile_y":950},{"tile_x":500,"tile_y":950},{"tile_x":550,"tile_y":950},{"tile_x":600,"tile_y":950},{"tile_x":650,"tile_y":950},{"tile_x":250,"tile_y":500},{"tile_x":200,"tile_y":500},{"tile_x":150,"tile_y":500},{"tile_x":100,"tile_y":500},{"tile_x":50,"tile_y":500},{"tile_x":400,"tile_y":500},{"tile_x":450,"tile_y":500},{"tile_x":500,"tile_y":500},{"tile_x":550,"tile_y":500},{"tile_x":600,"tile_y":500},{"tile_x":650,"tile_y":500},{"tile_x":650,"tile_y":550},{"tile_x":650,"tile_y":600},{"tile_x":650,"tile_y":650},{"tile_x":650,"tile_y":700},{"tile_x":650,"tile_y":900},{"tile_x":650,"tile_y":850},{"tile_x":700,"tile_y":600},{"tile_x":1350,"tile_y":900},{"tile_x":1350,"tile_y":950},{"tile_x":1300,"tile_y":950},{"tile_x":1250,"tile_y":950},{"tile_x":1200,"tile_y":950},{"tile_x":1150,"tile_y":950},{"tile_x":1100,"tile_y":950},{"tile_x":1000,"tile_y":950},{"tile_x":1050,"tile_y":950},{"tile_x":950,"tile_y":950},{"tile_x":900,"tile_y":950},{"tile_x":850,"tile_y":950},{"tile_x":800,"tile_y":950},{"tile_x":750,"tile_y":950},{"tile_x":700,"tile_y":950},{"tile_x":700,"tile_y":900},{"tile_x":700,"tile_y":850},{"tile_x":700,"tile_y":650},{"tile_x":700,"tile_y":700},{"tile_x":200,"tile_y":300},{"tile_x":250,"tile_y":300},{"tile_x":300,"tile_y":300},{"tile_x":250,"tile_y":250},{"tile_x":250,"tile_y":200},{"tile_x":250,"tile_y":150},{"tile_x":250,"tile_y":100},{"tile_x":200,"tile_y":150},{"tile_x":950,"tile_y":100},{"tile_x":1000,"tile_y":100},{"tile_x":1050,"tile_y":150},{"tile_x":1000,"tile_y":200},{"tile_x":950,"tile_y":250},{"tile_x":1000,"tile_y":300},{"tile_x":1050,"tile_y":300},{"tile_x":1050,"tile_y":200},{"tile_x":950,"tile_y":300},{"tile_x":950,"tile_y":200},{"tile_x":1050,"tile_y":100},{"tile_x":900,"tile_y":600},{"tile_x":900,"tile_y":650},{"tile_x":950,"tile_y":700},{"tile_x":1000,"tile_y":700},{"tile_x":1050,"tile_y":600},{"tile_x":1050,"tile_y":650},{"tile_x":1050,"tile_y":750},{"tile_x":1050,"tile_y":800},{"tile_x":1050,"tile_y":850},{"tile_x":50,"tile_y":400},{"tile_x":50,"tile_y":350},{"tile_x":100,"tile_y":400},{"tile_x":50,"tile_y":300},{"tile_x":650,"tile_y":400},{"tile_x":600,"tile_y":400},{"tile_x":550,"tile_y":350},{"tile_x":550,"tile_y":400},{"tile_x":600,"tile_y":350},{"tile_x":1250,"tile_y":0},{"tile_x":750,"tile_y":400},{"tile_x":800,"tile_y":400},{"tile_x":150,"tile_y":650},{"tile_x":200,"tile_y":650},{"tile_x":250,"tile_y":700},{"tile_x":200,"tile_y":750},{"tile_x":150,"tile_y":750},{"tile_x":250,"tile_y":800},{"tile_x":200,"tile_y":850},{"tile_x":150,"tile_y":850},{"tile_x":400,"tile_y":750},{"tile_x":400,"tile_y":800},{"tile_x":400,"tile_y":700},{"tile_x":750,"tile_y":550},{"tile_x":750,"tile_y":600},{"tile_x":800,"tile_y":550},{"tile_x":450,"tile_y":650},{"tile_x":450,"tile_y":700},{"tile_x":400,"tile_y":50},{"tile_x":450,"tile_y":50},{"tile_x":450,"tile_y":100},{"tile_x":500,"tile_y":100},{"tile_x":500,"tile_y":50},{"tile_x":550,"tile_y":50},{"tile_x":500,"tile_y":650},{"tile_x":500,"tile_y":700},{"tile_x":450,"tile_y":750},{"tile_x":600,"tile_y":900},{"tile_x":600,"tile_y":850},{"tile_x":550,"tile_y":900},{"tile_x":500,"tile_y":900},{"tile_x":1350,"tile_y":100},{"tile_x":1300,"tile_y":150},{"tile_x":1250,"tile_y":150},{"tile_x":1250,"tile_y":200},{"tile_x":1300,"tile_y":200},{"tile_x":1300,"tile_y":250},{"tile_x":1250,"tile_y":250},{"tile_x":1200,"tile_y":200},{"tile_x":1300,"tile_y":300},{"tile_x":1350,"tile_y":750},{"tile_x":1300,"tile_y":850},{"tile_x":1250,"tile_y":850},{"tile_x":1200,"tile_y":850},{"tile_x":1300,"tile_y":700},{"tile_x":1250,"tile_y":700},{"tile_x":1200,"tile_y":700},{"tile_x":1050,"tile_y":700},{"tile_x":500,"tile_y":400},{"tile_x":1300,"tile_y":100},{"tile_x":600,"tile_y":550}]}